PMID,Title,Authors,Citation,First Author,Journal/Book,Publication Year,Create Date,PMCID,NIHMS ID,DOI
"34428428","An AAV-based, room-temperature-stable, single-dose COVID-19 vaccine provides durable immunogenicity and protection in non-human primates","Zabaleta N, Dai W, Bhatt U, Hérate C, Maisonnasse P, Chichester JA, Sanmiguel J, Estelien R, Michalson KT, Diop C, Maciorowski D, Dereuddre-Bosquet N, Cavarelli M, Gallouët AS, Naninck T, Kahlaoui N, Lemaitre J, Qi W, Hudspeth E, Cucalon A, Dyer CD, Pampena MB, Knox JJ, LaRocque RC, Charles RC, Li D, Kim M, Sheridan A, Storm N, Johnson RI, Feldman J, Hauser BM, Contreras V, Marlin R, Tsong Fang RH, Chapon C, van der Werf S, Zinn E, Ryan A, Kobayashi DT, Chauhan R, McGlynn M, Ryan ET, Schmidt AG, Price B, Honko A, Griffiths A, Yaghmour S, Hodge R, Betts MR, Freeman MW, Wilson JM, Le Grand R, Vandenberghe LH.","Cell Host Microbe. 2021 Aug 7:S1931-3128(21)00378-4. doi: 10.1016/j.chom.2021.08.002. Online ahead of print.","Zabaleta N","Cell Host Microbe","2021","2021/08/24","PMC8346325","","10.1016/j.chom.2021.08.002"
"34231390","Erythrocytes identify complement activation in patients with COVID-19","Lam LKM, Reilly JP, Rux AH, Murphy SJ, Kuri-Cervantes L, Weisman AR, Ittner CAG, Pampena MB, Betts MR, Wherry EJ, Song WC, Lambris JD, Meyer NJ, Cines DB, Mangalmurti NS.","Am J Physiol Lung Cell Mol Physiol. 2021 Aug 1;321(2):L485-L489. doi: 10.1152/ajplung.00231.2021. Epub 2021 Jul 7.","Lam LKM","Am J Physiol Lung Cell Mol Physiol","2021","2021/07/07","PMC8384475","","10.1152/ajplung.00231.2021"
"33979613","Role of nuclear localization in the regulation and function of T-bet and Eomes in exhausted CD8 T cells","McLane LM, Ngiow SF, Chen Z, Attanasio J, Manne S, Ruthel G, Wu JE, Staupe RP, Xu W, Amaravadi RK, Xu X, Karakousis GC, Mitchell TC, Schuchter LM, Huang AC, Freedman BD, Betts MR, Wherry EJ.","Cell Rep. 2021 May 11;35(6):109120. doi: 10.1016/j.celrep.2021.109120.","McLane LM","Cell Rep","2021","2021/05/12","PMC8195461","NIHMS1703600","10.1016/j.celrep.2021.109120"
"33858945","Distinct antibody and memory B cell responses in SARS-CoV-2 naïve and recovered individuals following mRNA vaccination","Goel RR, Apostolidis SA, Painter MM, Mathew D, Pattekar A, Kuthuru O, Gouma S, Hicks P, Meng W, Rosenfeld AM, Dysinger S, Lundgreen KA, Kuri-Cervantes L, Adamski S, Hicks A, Korte S, Oldridge DA, Baxter AE, Giles JR, Weirick ME, McAllister CM, Dougherty J, Long S, D'Andrea K, Hamilton JT, Betts MR, Luning Prak ET, Bates P, Hensley SE, Greenplate AR, Wherry EJ.","Sci Immunol. 2021 Apr 15;6(58):eabi6950. doi: 10.1126/sciimmunol.abi6950.","Goel RR","Sci Immunol","2021","2021/04/16","PMC8158969","","10.1126/sciimmunol.abi6950"
"33688691","Longitudinal Analysis Reveals Distinct Antibody and Memory B Cell Responses in SARS-CoV2 Naïve and Recovered Individuals Following mRNA Vaccination","Goel RR, Apostolidis SA, Painter MM, Mathew D, Pattekar A, Kuthuru O, Gouma S, Kuri-Cervantes L, Meng W, Adamski S, Baxter AE, Giles JR, Weirick ME, McAllister CM, Hicks A, Korte S, Dougherty J, Long S, D'Andrea K, Hamilton JT, Prak ETL, Betts MR, Bates P, Hensley SE, Greenplate AR, Wherry EJ.","medRxiv. 2021 Mar 6:2021.03.03.21252872. doi: 10.1101/2021.03.03.21252872. Preprint.","Goel RR","medRxiv","2021","2021/03/10","PMC7941668","","10.1101/2021.03.03.21252872"
"33653907","Deep immune profiling of MIS-C demonstrates marked but transient immune activation compared to adult and pediatric COVID-19","Vella LA, Giles JR, Baxter AE, Oldridge DA, Diorio C, Kuri-Cervantes L, Alanio C, Pampena MB, Wu JE, Chen Z, Huang YJ, Anderson EM, Gouma S, McNerney KO, Chase J, Burudpakdee C, Lee JH, Apostolidis SA, Huang AC, Mathew D, Kuthuru O, Goodwin EC, Weirick ME, Bolton MJ, Arevalo CP, Ramos A, Jasen CJ, Conrey PE, Sayed S, Giannini HM, D'Andrea K; UPenn COVID Processing Unit, Meyer NJ, Behrens EM, Bassiri H, Hensley SE, Henrickson SE, Teachey DT, Betts MR, Wherry EJ.","Sci Immunol. 2021 Mar 2;6(57):eabf7570. doi: 10.1126/sciimmunol.abf7570.","Vella LA","Sci Immunol","2021","2021/03/03","PMC8128303","NIHMS1697788","10.1126/sciimmunol.abf7570"
"33631096","Seasonal human coronavirus antibodies are boosted upon SARS-CoV-2 infection but not associated with protection","Anderson EM, Goodwin EC, Verma A, Arevalo CP, Bolton MJ, Weirick ME, Gouma S, McAllister CM, Christensen SR, Weaver J, Hicks P, Manzoni TB, Oniyide O, Ramage H, Mathew D, Baxter AE, Oldridge DA, Greenplate AR, Wu JE, Alanio C, D'Andrea K, Kuthuru O, Dougherty J, Pattekar A, Kim J, Han N, Apostolidis SA, Huang AC, Vella LA, Kuri-Cervantes L, Pampena MB; UPenn COVID Processing Unit, Betts MR, Wherry EJ, Meyer NJ, Cherry S, Bates P, Rader DJ, Hensley SE.","Cell. 2021 Apr 1;184(7):1858-1864.e10. doi: 10.1016/j.cell.2021.02.010. Epub 2021 Feb 9.","Anderson EM","Cell","2021","2021/02/25","PMC7871851","","10.1016/j.cell.2021.02.010"
"33545036","TCR(+)/BCR(+) dual-expressing cells and their associated public BCR clonotype are not enriched in type 1 diabetes","Japp AS, Meng W, Rosenfeld AM, Perry DJ, Thirawatananond P, Bacher RL, Liu C, Gardner JS; HPAP Consortium, Atkinson MA, Kaestner KH, Brusko TM, Naji A, Luning Prak ET, Betts MR.","Cell. 2021 Feb 4;184(3):827-839.e14. doi: 10.1016/j.cell.2020.11.035.","Japp AS","Cell","2021","2021/02/05","PMC8016147","NIHMS1668039","10.1016/j.cell.2020.11.035"
"33469605","Innate lymphoid cells and disease tolerance in SARS-CoV-2 infection","Silverstein NJ, Wang Y, Manickas-Hill Z, Carbone C, Dauphin A, Boribong BP, Loiselle M, Davis J, Leonard MM, Kuri-Cervantes L; MGH COVID-19 Collection & Processing Team, Meyer NJ, Betts MR, Li JZ, Walker B, Yu XG, Yonker LM, Luban J.","medRxiv. 2021 Jul 4:2021.01.14.21249839. doi: 10.1101/2021.01.14.21249839. Preprint.","Silverstein NJ","medRxiv","2021","2021/01/20","PMC7814851","","10.1101/2021.01.14.21249839"
"33442684","Immunogenicity of an AAV-based, room-temperature stable, single dose COVID-19 vaccine in mice and non-human primates","Zabaleta N, Dai W, Bhatt U, Chichester JA, Sanmiguel J, Estelien R, Michalson KT, Diop C, Maciorowski D, Qi W, Hudspeth E, Cucalon A, Dyer CD, Pampena MB, Knox JJ, LaRocque RC, Charles RC, Li D, Kim M, Sheridan A, Storm N, Johnson RI, Feldman J, Hauser BM, Zinn E, Ryan A, Kobayashi DT, Chauhan R, McGlynn M, Ryan ET, Schmidt AG, Price B, Honko A, Griffiths A, Yaghmour S, Hodge R, Betts MR, Freeman MW, Wilson JM, Vandenberghe LH.","bioRxiv. 2021 Jan 19:2021.01.05.422952. doi: 10.1101/2021.01.05.422952. Preprint.","Zabaleta N","bioRxiv","2021","2021/01/14","PMC7805441","","10.1101/2021.01.05.422952"
"33444817","Norovirus-Specific CD8(+) T Cell Responses in Human Blood and Tissues","Pattekar A, Mayer LS, Lau CW, Liu C, Palko O, Bewtra M, Consortium H, Lindesmith LC, Brewer-Jensen PD, Baric RS, Betts MR, Naji A, Wherry EJ, Tomov VT.","Cell Mol Gastroenterol Hepatol. 2021;11(5):1267-1289. doi: 10.1016/j.jcmgh.2020.12.012. Epub 2021 Jan 11.","Pattekar A","Cell Mol Gastroenterol Hepatol","2021","2021/01/14","PMC8010716","","10.1016/j.jcmgh.2020.12.012"
"33377048","Phenotypic Characterization of SLe(x)+ and CLA+ CD4+ T Cells","Kuri-Cervantes L, Pampena MB, Betts MR.","STAR Protoc. 2020 Oct 29;1(3):100154. doi: 10.1016/j.xpro.2020.100154. eCollection 2020 Dec 18.","Kuri-Cervantes L","STAR Protoc","2020","2020/12/30","PMC7757334","","10.1016/j.xpro.2020.100154"
"33306960","The Identity of Human Tissue-Emigrant CD8(+) T Cells","Buggert M, Vella LA, Nguyen S, Wu VH, Chen Z, Sekine T, Perez-Potti A, Maldini CR, Manne S, Darko S, Ransier A, Kuri-Cervantes L, Japp AS, Brody IB, Ivarsson MA, Gorin JB, Rivera-Ballesteros O, Hertwig L, Antel JP, Johnson ME, Okoye A, Picker L, Vahedi G, Sparrelid E, Llewellyn-Lacey S, Gostick E, Sandberg JK, Björkström N, Bar-Or A, Dori Y, Naji A, Canaday DH, Laufer TM, Wells AD, Price DA, Frank I, Douek DC, Wherry EJ, Itkin MG, Betts MR.","Cell. 2020 Dec 23;183(7):1946-1961.e15. doi: 10.1016/j.cell.2020.11.019. Epub 2020 Dec 10.","Buggert M","Cell","2020","2020/12/11","","","10.1016/j.cell.2020.11.019"
"32995826","Deep Immune Profiling of MIS-C demonstrates marked but transient immune activation compared to adult and pediatric COVID-19","Vella L, Giles JR, Baxter AE, Oldridge DA, Diorio C, Kuri-Cervantes L, Alanio C, Pampena MB, Wu JE, Chen Z, Huang YJ, Anderson EM, Gouma S, McNerney KO, Chase J, Burudpakdee C, Lee JH, Apostolidis SA, Huang AC, Mathew D, Kuthuru O, Goodwin EC, Weirick ME, Bolton MJ, Arevalo CP, Ramos A, Jasen C, Giannini HM, DAndrea K, Meyer NJ, Behrens EM, Bassiri H, Hensley SE, Henrickson SE, Teachey DT, Betts MR, Wherry EJ.","medRxiv. 2020 Oct 6:2020.09.25.20201863. doi: 10.1101/2020.09.25.20201863. Preprint.","Vella L","medRxiv","2020","2020/09/30","PMC7523167","","10.1101/2020.09.25.20201863"
"32970634","Assessment of HIV-1 integration in tissues and subsets across infection stages","Wu VH, Nobles CL, Kuri-Cervantes L, McCormick K, Everett JK, Nguyen S, Del Rio Estrada PM, González-Navarro M, Torres-Ruiz F, Ávila-Ríos S, Reyes-Terán G, Bushman FD, Betts MR.","JCI Insight. 2020 Oct 15;5(20):e139783. doi: 10.1172/jci.insight.139783.","Wu VH","JCI Insight","2020","2020/09/24","PMC7605534","","10.1172/jci.insight.139783"
"32895573","Recommendations for measuring HIV reservoir size in cure-directed clinical trials","Abdel-Mohsen M, Richman D, Siliciano RF, Nussenzweig MC, Howell BJ, Martinez-Picado J, Chomont N, Bar KJ, Yu XG, Lichterfeld M, Alcami J, Hazuda D, Bushman F, Siliciano JD, Betts MR, Spivak AM, Planelles V, Hahn BH, Smith DM, Ho YC, Buzon MJ, Gaebler C, Paiardini M, Li Q, Estes JD, Hope TJ, Kostman J, Mounzer K, Caskey M, Fox L, Frank I, Riley JL, Tebas P, Montaner LJ; BEAT-HIV Delaney Collaboratory to Cure HIV-1 infection.","Nat Med. 2020 Sep;26(9):1339-1350. doi: 10.1038/s41591-020-1022-1. Epub 2020 Sep 7.","Abdel-Mohsen M","Nat Med","2020","2020/09/08","PMC7703694","NIHMS1647002","10.1038/s41591-020-1022-1"
"32827942","Interferon-α alters host glycosylation machinery during treated HIV infection","Giron LB, Colomb F, Papasavvas E, Azzoni L, Yin X, Fair M, Anzurez A, Damra M, Mounzer K, Kostman JR, Tebas P, O'Doherty U, Tateno H, Liu Q, Betts MR, Montaner LJ, Abdel-Mohsen M.","EBioMedicine. 2020 Sep;59:102945. doi: 10.1016/j.ebiom.2020.102945. Epub 2020 Aug 19.","Giron LB","EBioMedicine","2020","2020/08/23","PMC7452630","","10.1016/j.ebiom.2020.102945"
"32755584","Sialyl-Lewis(X) Glycoantigen Is Enriched on Cells with Persistent HIV Transcription during Therapy","Colomb F, Giron LB, Kuri-Cervantes L, Adeniji OS, Ma T, Dweep H, Battivelli E, Verdin E, Palmer CS, Tateno H, Kossenkov AV, Roan NR, Betts MR, Abdel-Mohsen M.","Cell Rep. 2020 Aug 4;32(5):107991. doi: 10.1016/j.celrep.2020.107991.","Colomb F","Cell Rep","2020","2020/08/07","PMC7432956","NIHMS1617875","10.1016/j.celrep.2020.107991"
"32669339","Regional Brain Recovery from Acute Synaptic Injury in Simian Immunodeficiency Virus-Infected Rhesus Macaques Associates with Heme Oxygenase Isoform Expression","Garcia-Mesa Y, Garza R, Diaz Ortiz ME, Gruenewald AL, Bastien BL, Lobrovich R, Irwin DJ, Betts MR, Silvestri G, Kolson DL.","J Virol. 2020 Sep 15;94(19):e01102-20. doi: 10.1128/JVI.01102-20. Print 2020 Sep 15.","Garcia-Mesa Y","J Virol","2020","2020/07/17","PMC7495379","","10.1128/JVI.01102-20"
"32669297","Deep immune profiling of COVID-19 patients reveals distinct immunotypes with therapeutic implications","Mathew D, Giles JR, Baxter AE, Oldridge DA, Greenplate AR, Wu JE, Alanio C, Kuri-Cervantes L, Pampena MB, D'Andrea K, Manne S, Chen Z, Huang YJ, Reilly JP, Weisman AR, Ittner CAG, Kuthuru O, Dougherty J, Nzingha K, Han N, Kim J, Pattekar A, Goodwin EC, Anderson EM, Weirick ME, Gouma S, Arevalo CP, Bolton MJ, Chen F, Lacey SF, Ramage H, Cherry S, Hensley SE, Apostolidis SA, Huang AC, Vella LA; UPenn COVID Processing Unit, Betts MR, Meyer NJ, Wherry EJ.","Science. 2020 Sep 4;369(6508):eabc8511. doi: 10.1126/science.abc8511. Epub 2020 Jul 15.","Mathew D","Science","2020","2020/07/17","PMC7402624","","10.1126/science.abc8511"
"32669287","Comprehensive mapping of immune perturbations associated with severe COVID-19","Kuri-Cervantes L, Pampena MB, Meng W, Rosenfeld AM, Ittner CAG, Weisman AR, Agyekum RS, Mathew D, Baxter AE, Vella LA, Kuthuru O, Apostolidis SA, Bershaw L, Dougherty J, Greenplate AR, Pattekar A, Kim J, Han N, Gouma S, Weirick ME, Arevalo CP, Bolton MJ, Goodwin EC, Anderson EM, Hensley SE, Jones TK, Mangalmurti NS, Luning Prak ET, Wherry EJ, Meyer NJ, Betts MR.","Sci Immunol. 2020 Jul 15;5(49):eabd7114. doi: 10.1126/sciimmunol.abd7114.","Kuri-Cervantes L","Sci Immunol","2020","2020/07/17","PMC7402634","","10.1126/sciimmunol.abd7114"
"32620560","TOX is expressed by exhausted and polyfunctional human effector memory CD8(+) T cells","Sekine T, Perez-Potti A, Nguyen S, Gorin JB, Wu VH, Gostick E, Llewellyn-Lacey S, Hammer Q, Falck-Jones S, Vangeti S, Yu M, Smed-Sörensen A, Gaballa A, Uhlin M, Sandberg JK, Brander C, Nowak P, Goepfert PA, Price DA, Betts MR, Buggert M.","Sci Immunol. 2020 Jul 3;5(49):eaba7918. doi: 10.1126/sciimmunol.aba7918.","Sekine T","Sci Immunol","2020","2020/07/05","","","10.1126/sciimmunol.aba7918"
"32526556","Jigsaw falling into place: A review and perspective of lymphoid tissue CD8+ T cells and control of HIV","Nguyen S, Sada-Japp A, Petrovas C, Betts MR.","Mol Immunol. 2020 Aug;124:42-50. doi: 10.1016/j.molimm.2020.05.016. Epub 2020 Jun 8.","Nguyen S","Mol Immunol","2020","2020/06/12","PMC7279761","","10.1016/j.molimm.2020.05.016"
"32511554","Erythrocytes Reveal Complement Activation in Patients with COVID-19","Lam LM, Murphy SJ, Kuri-Cervantes L, Weisman AR, Ittner CAG, Reilly JP, Pampena MB, Betts MR, Wherry EJ, Song WC, Lambris JD, Cines DB, Meyer NJ, Mangalmurti NS.","medRxiv. 2020 May 22:2020.05.20.20104398. doi: 10.1101/2020.05.20.20104398. Preprint.","Lam LM","medRxiv","2020","2020/06/09","PMC7274235","","10.1101/2020.05.20.20104398"
"32511394","Immunologic perturbations in severe COVID-19/SARS-CoV-2 infection","Kuri-Cervantes L, Pampena MB, Meng W, Rosenfeld AM, Ittner CAG, Weisman AR, Agyekum R, Mathew D, Baxter AE, Vella L, Kuthuru O, Apostolidis S, Bershaw L, Dougherty J, Greenplate AR, Pattekar A, Kim J, Han N, Gouma S, Weirick ME, Arevalo CP, Bolton MJ, Goodwin EC, Anderson EM, Hensley SE, Jones TK, Mangalmurti NS, Luning Prak ET, Wherry EJ, Meyer NJ, Betts MR.","bioRxiv. 2020 May 18:2020.05.18.101717. doi: 10.1101/2020.05.18.101717. Preprint.","Kuri-Cervantes L","bioRxiv","2020","2020/06/09","PMC7263541","","10.1101/2020.05.18.101717"
"32511371","Deep immune profiling of COVID-19 patients reveals patient heterogeneity and distinct immunotypes with implications for therapeutic interventions","Mathew D, Giles JR, Baxter AE, Greenplate AR, Wu JE, Alanio C, Oldridge DA, Kuri-Cervantes L, Pampena MB, D'Andrea K, Manne S, Chen Z, Huang YJ, Reilly JP, Weisman AR, Ittner CAG, Kuthuru O, Dougherty J, Nzingha K, Han N, Kim J, Pattekar A, Goodwin EC, Anderson EM, Weirick ME, Gouma S, Arevalo CP, Bolton MJ, Chen F, Lacey SF, Hensley SE, Apostolidis S, Huang AC, Vella LA; UPenn COVID Processing Unit, Betts MR, Meyer NJ, Wherry EJ.","bioRxiv. 2020 May 23:2020.05.20.106401. doi: 10.1101/2020.05.20.106401. Preprint.","Mathew D","bioRxiv","2020","2020/06/09","PMC7263500","","10.1101/2020.05.20.106401"
"32376796","Type I IFN response associated with mTOR activation in the TAFRO subtype of idiopathic multicentric Castleman disease","Pai RL, Japp AS, Gonzalez M, Rasheed RF, Okumura M, Arenas D, Pierson SK, Powers V, Layman AAK, Kao C, Hakonarson H, van Rhee F, Betts MR, Kambayashi T, Fajgenbaum DC.","JCI Insight. 2020 May 7;5(9):e135031. doi: 10.1172/jci.insight.135031.","Pai RL","JCI Insight","2020","2020/05/08","PMC7253017","","10.1172/jci.insight.135031"
"32353250","The Transcription Factor T-bet Resolves Memory B Cell Subsets with Distinct Tissue Distributions and Antibody Specificities in Mice and Humans","Johnson JL, Rosenthal RL, Knox JJ, Myles A, Naradikian MS, Madej J, Kostiv M, Rosenfeld AM, Meng W, Christensen SR, Hensley SE, Yewdell J, Canaday DH, Zhu J, McDermott AB, Dori Y, Itkin M, Wherry EJ, Pardi N, Weissman D, Naji A, Prak ETL, Betts MR, Cancro MP.","Immunity. 2020 May 19;52(5):842-855.e6. doi: 10.1016/j.immuni.2020.03.020. Epub 2020 Apr 29.","Johnson JL","Immunity","2020","2020/05/01","PMC7242168","NIHMS1584982","10.1016/j.immuni.2020.03.020"
"32312993","High throughput pMHC-I tetramer library production using chaperone-mediated peptide exchange","Overall SA, Toor JS, Hao S, Yarmarkovich M, Sara M O'Rourke, Morozov GI, Nguyen S, Japp AS, Gonzalez N, Moschidi D, Betts MR, Maris JM, Smibert P, Sgourakis NG.","Nat Commun. 2020 Apr 20;11(1):1909. doi: 10.1038/s41467-020-15710-1.","Overall SA","Nat Commun","2020","2020/04/22","PMC7170893","","10.1038/s41467-020-15710-1"
"31852798","Elite control of HIV is associated with distinct functional and transcriptional signatures in lymphoid tissue CD8(+) T cells","Nguyen S, Deleage C, Darko S, Ransier A, Truong DP, Agarwal D, Japp AS, Wu VH, Kuri-Cervantes L, Abdel-Mohsen M, Del Rio Estrada PM, Ablanedo-Terrazas Y, Gostick E, Hoxie JA, Zhang NR, Naji A, Reyes-Terán G, Estes JD, Price DA, Douek DC, Deeks SG, Buggert M, Betts MR.","Sci Transl Med. 2019 Dec 18;11(523):eaax4077. doi: 10.1126/scitranslmed.aax4077.","Nguyen S","Sci Transl Med","2019","2019/12/20","PMC7265335","NIHMS1592492","10.1126/scitranslmed.aax4077"
"31408438","Identifying and targeting pathogenic PI3K/AKT/mTOR signaling in IL-6-blockade-refractory idiopathic multicentric Castleman disease","Fajgenbaum DC, Langan RA, Japp AS, Partridge HL, Pierson SK, Singh A, Arenas DJ, Ruth JR, Nabel CS, Stone K, Okumura M, Schwarer A, Jose FF, Hamerschlak N, Wertheim GB, Jordan MB, Cohen AD, Krymskaya V, Rubenstein A, Betts MR, Kambayashi T, van Rhee F, Uldrick TS.","J Clin Invest. 2019 Aug 13;129(10):4451-4463. doi: 10.1172/JCI126091.","Fajgenbaum DC","J Clin Invest","2019","2019/08/14","PMC6763254","","10.1172/JCI126091"
"31278120","Human CD4(+)CD103(+) cutaneous resident memory T cells are found in the circulation of healthy individuals","Klicznik MM, Morawski PA, Höllbacher B, Varkhande SR, Motley SJ, Kuri-Cervantes L, Goodwin E, Rosenblum MD, Long SA, Brachtl G, Duhen T, Betts MR, Campbell DJ, Gratz IK.","Sci Immunol. 2019 Jul 5;4(37):eaav8995. doi: 10.1126/sciimmunol.aav8995.","Klicznik MM","Sci Immunol","2019","2019/07/07","PMC7057121","NIHMS1056378","10.1126/sciimmunol.aav8995"
"31264971","T follicular helper cells in human efferent lymph retain lymphoid characteristics","Vella LA, Buggert M, Manne S, Herati RS, Sayin I, Kuri-Cervantes L, Bukh Brody I, O'Boyle KC, Kaprielian H, Giles JR, Nguyen S, Muselman A, Antel JP, Bar-Or A, Johnson ME, Canaday DH, Naji A, Ganusov VV, Laufer TM, Wells AD, Dori Y, Itkin MG, Betts MR, Wherry EJ.","J Clin Invest. 2019 Jul 2;129(8):3185-3200. doi: 10.1172/JCI125628. eCollection 2019 Jul 2.","Vella LA","J Clin Invest","2019","2019/07/03","PMC6668682","","10.1172/JCI125628"
"30998783","Distinct phenotype and function of circulating Vδ1+ and Vδ2+ γδT-cells in acute and chronic hepatitis B","Chang KM, Traum D, Park JJ, Ho S, Ojiro K, Wong DK, Wahed AS, Terrault NA, Khalili M, Sterling RK, Janssen HLA, Shuhart MC, Lau DT, Roberts LR, Johnson GS, Kaplan DE, Betts MR, Lee WM, Lok ASF; Hepatitis B Research Network (HBRN).","PLoS Pathog. 2019 Apr 18;15(4):e1007715. doi: 10.1371/journal.ppat.1007715. eCollection 2019 Apr.","Chang KM","PLoS Pathog","2019","2019/04/19","PMC6490945","","10.1371/journal.ppat.1007715"
"30993250","Susceptibility to SIV Infection After Adenoviral Vaccination in a Low Dose Rhesus Macaque Challenge Model","Brody IB, Calcedo R, Connell MJ, Carnathan DG, Nason M, Lawson BO, Nega MT, Boyd S, Qin Q, Vanderford TH, Wilson JM, Wilson JM, Silvestri G, Betts MR.","Pathog Immun. 2019 Jan 29;4(1):1-20. doi: 10.20411/pai.v4i1.241. eCollection 2019.","Brody IB","Pathog Immun","2019","2019/04/18","PMC6457171","","10.20411/pai.v4i1.241"
"30547050","AAV8 Gene Therapy for Crigler-Najjar Syndrome in Macaques Elicited Transgene T Cell Responses That Are Resident to the Liver","Greig JA, Calcedo R, Kuri-Cervantes L, Nordin JML, Albrecht J, Bote E, Goode T, Chroscinski EA, Bell P, Richman LK, Betts MR, Wilson JM.","Mol Ther Methods Clin Dev. 2018 Dec 5;11:191-201. doi: 10.1016/j.omtm.2018.10.012. eCollection 2018 Dec 14.","Greig JA","Mol Ther Methods Clin Dev","2018","2018/12/15","PMC6282099","","10.1016/j.omtm.2018.10.012"
"30520744","Everything in its right place: resident memory CD8+ T cell immunosurveillance of HIV infection","Buggert M, Japp AS, Betts MR.","Curr Opin HIV AIDS. 2019 Mar;14(2):93-99. doi: 10.1097/COH.0000000000000523.","Buggert M","Curr Opin HIV AIDS","2019","2018/12/07","","","10.1097/COH.0000000000000523"
"30442667","The CD4(-)CD8(-) MAIT cell subpopulation is a functionally distinct subset developmentally related to the main CD8(+) MAIT cell pool","Dias J, Boulouis C, Gorin JB, van den Biggelaar RHGA, Lal KG, Gibbs A, Loh L, Gulam MY, Sia WR, Bari S, Hwang WYK, Nixon DF, Nguyen S, Betts MR, Buggert M, Eller MA, Broliden K, Tjernlund A, Sandberg JK, Leeansyah E.","Proc Natl Acad Sci U S A. 2018 Dec 4;115(49):E11513-E11522. doi: 10.1073/pnas.1812273115. Epub 2018 Nov 15.","Dias J","Proc Natl Acad Sci U S A","2018","2018/11/17","PMC6298106","","10.1073/pnas.1812273115"
"30102290","Assessment of the Synaptic Interface of Primary Human T Cells from Peripheral Blood and Lymphoid Tissue","Steblyanko M, Anikeeva N, Buggert M, Betts MR, Sykulev Y.","J Vis Exp. 2018 Jul 30;(137):58143. doi: 10.3791/58143.","Steblyanko M","J Vis Exp","2018","2018/08/14","PMC6126586","","10.3791/58143"
"29858286","Identification and characterization of HIV-specific resident memory CD8(+) T cells in human lymphoid tissue","Buggert M, Nguyen S, Salgado-Montes de Oca G, Bengsch B, Darko S, Ransier A, Roberts ER, Del Alcazar D, Brody IB, Vella LA, Beura L, Wijeyesinghe S, Herati RS, Del Rio Estrada PM, Ablanedo-Terrazas Y, Kuri-Cervantes L, Sada Japp A, Manne S, Vartanian S, Huffman A, Sandberg JK, Gostick E, Nadolski G, Silvestri G, Canaday DH, Price DA, Petrovas C, Su LF, Vahedi G, Dori Y, Frank I, Itkin MG, Wherry EJ, Deeks SG, Naji A, Reyes-Terán G, Masopust D, Douek DC, Betts MR.","Sci Immunol. 2018 Jun 1;3(24):eaar4526. doi: 10.1126/sciimmunol.aar4526.","Buggert M","Sci Immunol","2018","2018/06/03","PMC6357781","NIHMS997695","10.1126/sciimmunol.aar4526"
"29769249","Spatial distribution and function of T follicular regulatory cells in human lymph nodes","Sayin I, Radtke AJ, Vella LA, Jin W, Wherry EJ, Buggert M, Betts MR, Herati RS, Germain RN, Canaday DH.","J Exp Med. 2018 Jun 4;215(6):1531-1542. doi: 10.1084/jem.20171940. Epub 2018 May 16.","Sayin I","J Exp Med","2018","2018/05/18","PMC5987920","","10.1084/jem.20171940"
"29669853","CD32 is expressed on cells with transcriptionally active HIV but does not enrich for HIV DNA in resting T cells","Abdel-Mohsen M, Kuri-Cervantes L, Grau-Exposito J, Spivak AM, Nell RA, Tomescu C, Vadrevu SK, Giron LB, Serra-Peinado C, Genescà M, Castellví J, Wu G, Del Rio Estrada PM, González-Navarro M, Lynn K, King CT, Vemula S, Cox K, Wan Y, Li Q, Mounzer K, Kostman J, Frank I, Paiardini M, Hazuda D, Reyes-Terán G, Richman D, Howell B, Tebas P, Martinez-Picado J, Planelles V, Buzon MJ, Betts MR, Montaner LJ.","Sci Transl Med. 2018 Apr 18;10(437):eaar6759. doi: 10.1126/scitranslmed.aar6759.","Abdel-Mohsen M","Sci Transl Med","2018","2018/04/20","PMC6282755","NIHMS999138","10.1126/scitranslmed.aar6759"
"29652923","Limited immune surveillance in lymphoid tissue by cytolytic CD4+ T cells during health and HIV disease","Buggert M, Nguyen S, McLane LM, Steblyanko M, Anikeeva N, Paquin-Proulx D, Del Rio Estrada PM, Ablanedo-Terrazas Y, Noyan K, Reuter MA, Demers K, Sandberg JK, Eller MA, Streeck H, Jansson M, Nowak P, Sönnerborg A, Canaday DH, Naji A, Wherry EJ, Robb ML, Deeks SG, Reyes-Teran G, Sykulev Y, Karlsson AC, Betts MR.","PLoS Pathog. 2018 Apr 13;14(4):e1006973. doi: 10.1371/journal.ppat.1006973. eCollection 2018 Apr.","Buggert M","PLoS Pathog","2018","2018/04/14","PMC5919077","","10.1371/journal.ppat.1006973"
"29626170","The receptor repertoire and functional profile of follicular T cells in HIV-infected lymph nodes","Wendel BS, Del Alcazar D, He C, Del Río-Estrada PM, Aiamkitsumrit B, Ablanedo-Terrazas Y, Hernandez SM, Ma KY, Betts MR, Pulido L, Huang J, Gimotty PA, Reyes-Terán G, Jiang N, Su LF.","Sci Immunol. 2018 Apr 6;3(22):eaan8884. doi: 10.1126/sciimmunol.aan8884.","Wendel BS","Sci Immunol","2018","2018/04/08","PMC6203891","NIHMS992753","10.1126/sciimmunol.aan8884"
"29618662","Human MAIT cells exit peripheral tissues and recirculate via lymph in steady state conditions","Voillet V, Buggert M, Slichter CK, Berkson JD, Mair F, Addison MM, Dori Y, Nadolski G, Itkin MG, Gottardo R, Betts MR, Prlic M.","JCI Insight. 2018 Apr 5;3(7):e98487. doi: 10.1172/jci.insight.98487. eCollection 2018 Apr 5.","Voillet V","JCI Insight","2018","2018/04/06","PMC5928862","","10.1172/jci.insight.98487"
"29403500","Human Immunodeficiency Virus Type-1 Elite Controllers Maintain Low Co-Expression of Inhibitory Receptors on CD4+ T Cells","Noyan K, Nguyen S, Betts MR, Sönnerborg A, Buggert M.","Front Immunol. 2018 Jan 22;9:19. doi: 10.3389/fimmu.2018.00019. eCollection 2018.","Noyan K","Front Immunol","2018","2018/02/07","PMC5786543","","10.3389/fimmu.2018.00019"
"29262326","HIV-Specific CD8(+) T Cells Exhibit Reduced and Differentially Regulated Cytolytic Activity in Lymphoid Tissue","Reuter MA, Del Rio Estrada PM, Buggert M, Petrovas C, Ferrando-Martinez S, Nguyen S, Sada Japp A, Ablanedo-Terrazas Y, Rivero-Arrieta A, Kuri-Cervantes L, Gunzelman HM, Gostick E, Price DA, Koup RA, Naji A, Canaday DH, Reyes-Terán G, Betts MR.","Cell Rep. 2017 Dec 19;21(12):3458-3470. doi: 10.1016/j.celrep.2017.11.075.","Reuter MA","Cell Rep","2017","2017/12/21","PMC5764192","NIHMS927648","10.1016/j.celrep.2017.11.075"
"28739077","T-bet-expressing B cells during HIV and HCV infections","Knox JJ, Kaplan DE, Betts MR.","Cell Immunol. 2017 Nov;321:26-34. doi: 10.1016/j.cellimm.2017.04.012. Epub 2017 Jul 11.","Knox JJ","Cell Immunol","2017","2017/07/26","PMC5732046","NIHMS894858","10.1016/j.cellimm.2017.04.012"
"28422752","T-bet+ B cells are induced by human viral infections and dominate the HIV gp140 response","Knox JJ, Buggert M, Kardava L, Seaton KE, Eller MA, Canaday DH, Robb ML, Ostrowski MA, Deeks SG, Slifka MK, Tomaras GD, Moir S, Moody MA, Betts MR.","JCI Insight. 2017 Apr 20;2(8):e92943. doi: 10.1172/jci.insight.92943. eCollection 2017 Apr 20.","Knox JJ","JCI Insight","2017","2017/04/20","PMC5396521","","10.1172/jci.insight.92943"
"28137880","Class I-restricted T-cell responses to a polymorphic peptide in a gene therapy clinical trial for α-1-antitrypsin deficiency","Calcedo R, Somanathan S, Qin Q, Betts MR, Rech AJ, Vonderheide RH, Mueller C, Flotte TR, Wilson JM.","Proc Natl Acad Sci U S A. 2017 Feb 14;114(7):1655-1659. doi: 10.1073/pnas.1617726114. Epub 2017 Jan 30.","Calcedo R","Proc Natl Acad Sci U S A","2017","2017/02/01","PMC5320988","","10.1073/pnas.1617726114"
